,Model_ID,Attribute,train_mean,train_std,test_mean,test_std
0,knn,1.0,0.9997826086956522,0.0001984502019946116,0.9081159420289856,0.009914568913905525
122,logistic,2.3000000000000003,0.9391304347826086,0.004689195328095934,0.9371014492753623,0.013771929296469126
251,svm,5.2,0.9840579710144928,0.002097071902679402,0.9397101449275362,0.00797759938812918
