Model,Attribute,Final_Performance
knn,1.0,0.9026933101650738
logistic,2.3000000000000003,0.9252823631624674
svm,5.2,0.9348392701998263
