Model_ID,Attribute,Final_Perf,Cval_Perf,Model
knn,1.0,0.9026933101650738,0.9081159420289854,KNeighborsClassifier(n_neighbors=1)
logistic,2.3000000000000003,0.9252823631624674,0.9371014492753623,LogisticRegression(C=2.3000000000000003)
svm,5.2,0.9348392701998263,0.9397101449275362,SVC(C=5.2)
